{
  "attachment_work": {
    "precision": 0.85,
    "recall": 0.9444444444444444,
    "f1-score": 0.8947368421052632,
    "support": 54,
    "confused_with": {
      "enquiry": 2,
      "spam": 1
    }
  },
  "enquiry": {
    "precision": 0.8484848484848485,
    "recall": 0.8,
    "f1-score": 0.823529411764706,
    "support": 35,
    "confused_with": {
      "attachment_work": 4,
      "spam": 3
    }
  },
  "remove_update_amend_seal": {
    "precision": 0.9852941176470589,
    "recall": 0.9436619718309859,
    "f1-score": 0.9640287769784172,
    "support": 71,
    "confused_with": {
      "attachment_work": 3,
      "enquiry": 1
    }
  },
  "spam": {
    "precision": 0.9,
    "recall": 0.8780487804878049,
    "f1-score": 0.888888888888889,
    "support": 41,
    "confused_with": {
      "enquiry": 2,
      "attachment_work": 2
    }
  },
  "accuracy": 0.9054726368159204,
  "macro avg": {
    "precision": 0.8959447415329768,
    "recall": 0.8915387991908088,
    "f1-score": 0.8927959799343188,
    "support": 201
  },
  "weighted avg": {
    "precision": 0.907725632089109,
    "recall": 0.9054726368159204,
    "f1-score": 0.9056209278376168,
    "support": 201
  }
}
